example_id,split_0,split_1,split_2,split_3,split_4
10797057,train,train,train,train,dev
10043402,train,train,dev,train,train
10125326,train,train,train,train,dev
10256403,train,train,dev,train,train
10289180,train,train,dev,train,train
10207261,train,train,train,train,dev
10256415,train,train,train,train,dev
10133540,train,dev,train,train,train
10797100,dev,train,train,train,train
10100783,train,dev,train,train,train
10420275,train,dev,train,train,train
10666036,train,train,train,train,dev
10412092,dev,train,train,train,train
10084414,train,train,dev,train,train
10133573,dev,train,train,train,train
10043462,train,dev,train,train,train
10412102,train,dev,train,train,train
10264651,train,train,train,train,dev
10043475,dev,train,train,train,train
10289241,train,train,train,dev,train
10420315,train,train,train,train,dev
10182748,train,train,dev,train,train
10305632,dev,train,train,train,train
10289252,train,train,train,dev,train
10297446,train,train,train,dev,train
10207338,train,dev,train,train,train
10297451,train,dev,train,train,train
10477679,train,train,dev,train,train
10182770,train,train,train,train,dev
10199161,train,train,train,train,dev
10313851,train,train,train,dev,train
10346624,train,dev,train,train,train
10092675,train,train,train,train,dev
10379399,train,dev,train,train,train
10395786,dev,train,train,train,train
10199179,train,train,train,dev,train
10322064,dev,train,train,train,train
10182807,train,dev,train,train,train
10469528,train,train,train,train,dev
10264745,train,train,train,dev,train
10109108,dev,train,train,train,train
10764472,train,train,train,dev,train
10330302,train,train,train,train,dev
10805442,train,train,dev,train,train
10035395,train,train,train,train,dev
10174659,train,train,train,dev,train
10830021,train,train,train,dev,train
10797250,train,train,train,dev,train
10412230,train,train,dev,train,train
10174662,train,train,train,dev,train
10035394,train,dev,train,train,train
10272974,train,train,train,dev,train
10281167,dev,train,train,train,train
10174672,dev,train,train,train,train
10363088,train,train,train,train,dev
10256594,train,dev,train,train,train
10854613,train,train,dev,train,train
10174679,train,dev,train,train,train
10109149,train,train,train,train,dev
10354911,train,train,train,train,dev
10887397,train,train,train,dev,train
10739942,train,dev,train,train,train
10322152,train,train,train,dev,train
10707180,train,train,dev,train,train
10420460,train,train,train,dev,train
10273010,train,train,train,train,dev
10240249,train,dev,train,train,train
10256634,train,train,dev,train,train
10313984,train,train,train,train,dev
10715395,train,train,train,dev,train
10313994,train,dev,train,train,train
10207504,train,train,dev,train,train
10109201,train,train,train,train,dev
10658064,train,dev,train,train,train
10567953,train,dev,train,train,train
10240279,train,train,train,train,dev
10273052,train,train,dev,train,train
10289439,train,train,train,dev,train
10264864,dev,train,train,train,train
10273059,train,train,train,dev,train
10256676,train,train,dev,train,train
10297637,train,train,train,train,dev
10354982,train,dev,train,train,train
10117415,train,train,dev,train,train
10420522,train,dev,train,train,train
10125612,train,train,dev,train,train
10232116,train,train,train,dev,train
10486074,dev,train,train,train,train
10395962,train,train,train,train,dev
10862906,train,train,train,train,dev
10035517,train,train,train,train,dev
10871104,train,dev,train,train,train
10305856,train,train,dev,train,train
10756418,train,train,train,train,dev
10731843,train,train,train,train,dev
10076483,train,train,train,train,dev
10305861,dev,train,train,train,train
10789185,train,dev,train,train,train
10158410,dev,train,train,train,train
10395981,train,train,train,train,dev
10223952,dev,train,train,train,train
10281301,train,train,train,dev,train
10068310,train,train,train,dev,train
10494297,dev,train,train,train,train
10395993,train,train,train,train,dev
10518876,train,dev,train,train,train
10043742,train,train,dev,train,train
10486111,train,train,train,train,dev
10174816,train,dev,train,train,train
10838366,train,dev,train,train,train
10371426,train,train,dev,train,train
10338661,dev,train,train,train,train
10256742,train,dev,train,train,train
10707308,train,dev,train,train,train
10363246,train,train,dev,train,train
10281327,dev,train,train,train,train
10240368,dev,train,train,train,train
10215791,train,train,dev,train,train
10174834,dev,train,train,train,train
10166644,train,train,train,dev,train
10338678,train,train,train,train,dev
10060156,train,dev,train,train,train
10191229,train,train,train,dev,train
10781054,dev,train,train,train,train
10092940,train,train,train,dev,train
10690960,train,train,train,train,dev
10133909,train,train,dev,train,train
10355102,train,train,dev,train,train
10305953,train,train,train,dev,train
10322337,train,train,train,train,dev
10289576,train,train,dev,train,train
10330537,train,train,train,train,dev
10199466,train,train,dev,train,train
10453420,train,train,dev,train,train
10076594,train,train,train,dev,train
10854835,train,train,dev,train,train
10740155,train,train,dev,train,train
10715580,train,train,train,dev,train
10346942,train,train,train,train,dev
10314181,train,train,train,train,dev
10265030,train,train,train,train,dev
10232264,train,train,train,dev,train
10011081,train,train,dev,train,train
10232266,train,train,train,dev,train
10273232,dev,train,train,train,train
10412497,train,train,train,train,dev
10813907,train,train,train,train,dev
10306005,train,train,train,dev,train
10633686,train,dev,train,train,train
10306008,dev,train,train,train,train
10691035,train,train,dev,train,train
10248671,train,dev,train,train,train
10715616,train,train,dev,train,train
10346976,train,train,dev,train,train
10486242,train,dev,train,train,train
10699232,train,train,dev,train,train
10019304,train,train,train,dev,train
10125805,train,dev,train,train,train
10011119,train,train,train,dev,train
10453488,train,train,train,train,dev
10314228,train,train,dev,train,train
10674677,train,train,dev,train,train
10854905,train,train,train,train,dev
10191360,train,dev,train,train,train
10289664,train,dev,train,train,train
10265095,dev,train,train,train,train
10469897,train,train,train,train,dev
10625547,train,train,train,train,dev
10387981,train,train,train,dev,train
10584591,train,dev,train,train,train
10011151,train,train,dev,train,train
10052119,train,train,train,train,dev
10322457,train,train,train,train,dev
10846756,train,train,dev,train,train
10215972,train,train,train,train,dev
10191398,train,train,dev,train,train
10265126,train,train,dev,train,train
10461739,dev,train,train,train,train
10805805,train,train,dev,train,train
10199597,train,train,train,dev,train
10297902,train,train,train,train,dev
10625588,train,train,dev,train,train
10232379,train,train,train,dev,train
10060352,dev,train,train,train,train
10625600,train,train,train,train,dev
10175047,train,dev,train,train,train
10576456,train,train,train,dev,train
10568265,train,train,train,dev,train
10003026,train,train,dev,train,train
10355284,train,train,dev,train,train
10674781,dev,train,train,train,train
10330725,dev,train,train,train,train
10093159,train,train,train,train,dev
10109543,train,dev,train,train,train
10273384,train,dev,train,train,train
10322539,train,train,dev,train,train
10650224,train,train,train,train,dev
10125936,train,train,train,dev,train
10150515,train,train,train,train,dev
10265205,train,train,train,train,dev
10068599,train,train,dev,train,train
10035834,train,train,train,train,dev
10486395,train,train,train,dev,train
10158716,train,train,train,train,dev
10183293,dev,train,train,train,train
10166914,train,train,dev,train,train
10846851,train,train,train,dev,train
10183300,dev,train,train,train,train
10846852,train,train,train,dev,train
10297990,train,train,train,train,dev
10101384,train,train,train,train,dev
10551945,train,train,dev,train,train
10199694,train,train,dev,train,train
10330767,train,train,train,train,dev
10232463,train,train,dev,train,train
10486418,dev,train,train,train,train
10371730,train,train,train,train,dev
10535578,train,train,train,train,dev
10363547,train,train,train,dev,train
10691234,dev,train,train,train,train
10125986,train,train,train,dev,train
10175144,train,train,train,train,dev
10412723,train,train,train,train,dev
10609331,train,train,dev,train,train
10175157,train,dev,train,train,train
10216130,train,train,dev,train,train
10322629,train,train,dev,train,train
10330824,train,train,train,train,dev
10289865,train,dev,train,train,train
10216138,train,dev,train,train,train
10543820,dev,train,train,train,train
10420948,train,train,train,train,dev
10183380,train,train,train,dev,train
10347220,train,train,train,train,dev
10347222,train,train,train,train,dev
10363610,train,train,train,dev,train
10658530,train,train,train,dev,train
10797801,dev,train,train,train,train
10109679,dev,train,train,train,train
10216182,train,train,train,dev,train
10150648,train,dev,train,train,train
10363640,train,dev,train,train,train
10789630,train,train,train,train,dev
10322698,train,train,train,train,dev
10724117,train,train,dev,train,train
10035994,train,train,train,train,dev
10494746,train,train,train,train,dev
10068766,train,train,train,train,dev
10347296,train,train,train,dev,train
10691361,train,train,dev,train,train
10281767,dev,train,train,train,train
10511143,train,train,train,train,dev
10257198,train,train,dev,train,train
10298162,train,train,dev,train,train
10855221,train,train,train,dev,train
10208054,train,train,train,train,dev
10052408,train,dev,train,train,train
10371900,dev,train,train,train,train
10216260,train,train,dev,train,train
10273608,train,train,dev,train,train
10642250,train,train,train,train,dev
10330955,train,train,train,train,dev
10240855,dev,train,train,train,train
10085208,train,dev,train,train,train
10085209,train,train,train,dev,train
10306398,train,train,dev,train,train
10265439,train,train,dev,train,train
10191715,train,dev,train,train,train
10830694,train,train,train,train,dev
10290023,train,train,train,train,dev
10314608,train,dev,train,train,train
10298230,train,train,dev,train,train
10855293,train,dev,train,train,train
10658691,dev,train,train,train,train
10199941,train,train,train,train,dev
10199946,train,dev,train,train,train
10617742,train,train,dev,train,train
10314640,train,train,train,dev,train
10199954,dev,train,train,train,train
10601362,train,train,train,train,dev
10273684,train,train,dev,train,train
10232726,dev,train,train,train,train
10257302,train,train,dev,train,train
10273695,train,train,train,train,dev
10814383,train,train,dev,train,train
10134449,train,train,dev,train,train
10847160,train,train,dev,train,train
10486712,train,train,train,train,dev
10503107,train,dev,train,train,train
10322885,train,dev,train,train,train
10077127,train,train,train,train,dev
10732489,train,train,train,dev,train
10003407,train,train,dev,train,train
10339280,train,train,train,dev,train
10380240,train,train,train,train,dev
10339282,train,train,train,dev,train
10183634,train,train,dev,train,train
10216402,train,dev,train,train,train
10208218,train,train,train,dev,train
10314717,train,dev,train,train,train
10306526,train,dev,train,train,train
10298337,train,train,train,dev,train
10126307,dev,train,train,train,train
10208233,train,dev,train,train,train
10314735,train,train,train,train,dev
10871793,train,train,dev,train,train
10249207,train,dev,train,train,train
10642424,train,train,train,dev,train
10085369,train,train,train,train,dev
10519546,train,train,dev,train,train
10257402,train,train,train,train,dev
10478589,train,train,dev,train,train
10675199,dev,train,train,train,train
10355711,train,dev,train,train,train
10429448,train,train,train,dev,train
10339356,train,train,train,train,dev
10134557,train,train,dev,train,train
10216479,train,train,train,train,dev
10429477,train,dev,train,train,train
10036266,dev,train,train,train,train
10224684,train,dev,train,train,train
10486828,train,dev,train,train,train
10372140,train,dev,train,train,train
10003504,train,train,train,dev,train
10290229,train,train,train,dev,train
10257462,train,dev,train,train,train
10085438,train,train,train,train,dev
10257472,train,train,train,train,dev
10748993,train,train,dev,train,train
10232897,train,train,dev,train,train
10306635,train,dev,train,train,train
10716244,dev,train,train,train,train
10298460,train,dev,train,train,train
10323044,train,train,train,train,dev
10814568,train,train,dev,train,train
10167402,train,train,train,train,dev
10298477,train,train,train,train,dev
10290289,train,train,train,train,dev
10732658,train,train,train,dev,train
10159219,train,train,train,dev,train
10560628,train,dev,train,train,train
10142837,train,train,dev,train,train
10847352,dev,train,train,train,train
10167417,train,dev,train,train,train
10339454,train,train,train,dev,train
10249342,train,train,train,train,dev
10380416,train,train,train,train,dev
10798209,train,train,train,train,dev
10175623,train,train,train,train,dev
10224776,train,train,train,train,dev
10019980,train,train,train,dev,train
10798231,dev,train,train,train,train
10142871,train,dev,train,train,train
10339479,train,train,train,dev,train
10380452,train,train,train,dev,train
10855595,train,train,train,train,dev
10445997,train,train,dev,train,train
10388654,train,train,train,dev,train
10536112,train,train,train,train,dev
10306738,train,train,train,train,dev
10028211,dev,train,train,train,train
10740921,train,dev,train,train,train
10167487,train,dev,train,train,train
10347724,train,train,dev,train,train
10306767,train,train,train,dev,train
10659024,train,dev,train,train,train
10110161,train,train,train,train,dev
10331347,train,train,train,train,dev
10290395,train,train,dev,train,train
10298589,dev,train,train,train,train
10364130,train,train,dev,train,train
10634466,train,train,train,train,dev
10364134,train,train,train,dev,train
10331367,train,train,train,dev,train
10241262,train,train,train,train,dev
10527983,train,train,train,train,dev
10200306,train,train,train,dev,train
10274038,train,dev,train,train,train
10355967,dev,train,train,train,train
10044673,train,train,train,dev,train
10159362,train,train,train,train,dev
10413322,train,train,train,dev,train
10405131,train,train,dev,train,train
10339599,train,dev,train,train,train
10249488,train,train,train,train,dev
10216722,train,dev,train,train,train
10487068,train,train,dev,train,train
10102056,train,train,dev,train,train
10781994,train,train,train,train,dev
10249516,train,dev,train,train,train
10331436,train,train,dev,train,train
10249518,train,dev,train,train,train
10339634,train,dev,train,train,train
10626355,train,dev,train,train,train
10716470,train,train,train,train,dev
10577209,train,dev,train,train,train
10724670,dev,train,train,train,train
10233153,train,dev,train,train,train
10241346,train,dev,train,train,train
10339654,train,dev,train,train,train
10069320,train,train,dev,train,train
10732886,train,train,train,dev,train
10175834,train,dev,train,train,train
10700122,train,train,train,train,dev
10134875,train,train,train,dev,train
10405223,train,train,dev,train,train
10331499,train,train,dev,train,train
10323312,train,dev,train,train,train
10601842,train,train,dev,train,train
10077556,train,dev,train,train,train
10192245,train,train,train,dev,train
10675576,train,dev,train,train,train
10454394,dev,train,train,train,train
10356092,train,train,train,train,dev
10249601,train,train,dev,train,train
10257794,train,train,train,train,dev
10356101,train,train,dev,train,train
10306952,train,train,dev,train,train
10429834,train,train,dev,train,train
10216849,train,dev,train,train,train
10536340,train,dev,train,train,train
10085794,dev,train,train,train,train
10167725,train,dev,train,train,train
10249648,train,train,train,dev,train
10282417,train,train,dev,train,train
10241459,train,train,dev,train,train
10274232,train,train,dev,train,train
10208705,train,dev,train,train,train
10274249,dev,train,train,train,train
10814922,train,dev,train,train,train
10036681,train,dev,train,train,train
10298833,train,train,dev,train,train
10659295,train,train,train,train,dev
10356192,dev,train,train,train,train
10626527,train,train,train,train,dev
10184162,train,train,train,train,dev
10003940,train,train,train,train,dev
10249703,dev,train,train,train,train
10397163,train,dev,train,train,train
10200568,train,train,train,train,dev
10003961,train,dev,train,train,train
10290682,train,train,train,train,dev
10307074,train,dev,train,train,train
10298891,train,train,train,train,dev
10167820,dev,train,train,train,train
10380818,train,dev,train,train,train
10290707,train,train,train,dev,train
10126867,train,train,dev,train,train
10446357,train,train,train,dev,train
10520085,train,dev,train,train,train
10520086,train,dev,train,train,train
10282521,dev,train,train,train,train
10044954,train,train,train,dev,train
10356262,train,train,dev,train,train
10446384,train,train,train,dev,train
10020400,train,train,train,dev,train
10135092,train,dev,train,train,train
10298938,dev,train,train,train,train
10380863,train,dev,train,train,train
10118721,train,train,dev,train,train
10184257,train,train,train,dev,train
10397252,train,train,train,dev,train
10831430,train,train,dev,train,train
10348109,train,train,dev,train,train
10380880,dev,train,train,train,train
10053204,train,train,dev,train,train
10847829,train,train,train,dev,train
10282585,train,train,dev,train,train
10208858,train,train,train,train,dev
10069596,dev,train,train,train,train
10749532,train,train,train,dev,train
10880605,train,train,train,train,dev
10577500,train,train,train,train,dev
10708577,train,dev,train,train,train
10241643,train,train,train,train,dev
10323565,train,train,train,dev,train
10618477,train,dev,train,train,train
10094202,train,train,dev,train,train
10577539,train,train,dev,train,train
10135171,train,train,dev,train,train
10282636,train,dev,train,train,train
10503820,train,train,dev,train,train
10405518,train,dev,train,train,train
10610322,train,train,dev,train,train
10765972,dev,train,train,train,train
10282655,train,dev,train,train,train
10864310,train,train,dev,train,train
10176182,train,train,train,train,dev
10176190,train,train,train,dev,train
10749633,train,train,dev,train,train
10495684,train,train,train,train,dev
10348228,train,train,dev,train,train
10618564,train,train,train,dev,train
10446538,train,dev,train,train,train
10405579,train,dev,train,train,train
10241740,train,train,dev,train,train
10503887,train,train,train,train,dev
10659542,train,train,train,dev,train
10749657,train,train,train,train,dev
10176219,train,train,train,train,dev
10061533,train,train,train,dev,train
10069725,train,train,dev,train,train
10413794,train,train,train,dev,train
10208998,dev,train,train,train,train
10200807,train,train,train,train,dev
10217192,train,train,train,train,dev
10094317,train,train,train,dev,train
10356464,train,train,dev,train,train
10454771,train,train,train,train,dev
10028789,train,dev,train,train,train
10569463,train,train,dev,train,train
10405628,train,dev,train,train,train
10209029,train,train,train,train,dev
10225416,train,train,train,train,dev
10012427,train,train,train,train,dev
10020619,train,dev,train,train,train
10356493,train,train,train,dev,train
10790671,train,train,dev,train,train
10880785,train,train,train,dev,train
10798879,train,train,dev,train,train
10004256,dev,train,train,train,train
10258216,train,dev,train,train,train
10553129,train,dev,train,train,train
10217258,train,train,dev,train,train
10323755,train,dev,train,train,train
10233651,train,train,train,train,dev
10872629,train,train,dev,train,train
10012472,train,train,train,train,dev
10299195,train,train,train,dev,train
10536771,dev,train,train,train,train
10438467,train,dev,train,train,train
10815301,train,train,train,train,dev
10602322,train,train,train,dev,train
10372947,train,train,dev,train,train
10626900,train,train,train,train,dev
10463060,train,dev,train,train,train
10864469,train,train,train,dev,train
10168151,dev,train,train,train,train
10782547,train,dev,train,train,train
10872658,train,dev,train,train,train
10422108,dev,train,train,train,train
10282850,train,dev,train,train,train
10315619,dev,train,train,train,train
10127215,dev,train,train,train,train
10045298,train,train,train,train,dev
10307449,train,dev,train,train,train
10274689,train,dev,train,train,train
10610578,train,dev,train,train,train
10659730,train,dev,train,train,train
10274714,train,train,dev,train,train
10471336,train,train,train,train,dev
10037162,train,dev,train,train,train
10020783,train,dev,train,train,train
10487732,train,train,dev,train,train
10340281,train,train,train,dev,train
10217405,train,train,dev,train,train
10831811,train,train,train,dev,train
10233796,train,dev,train,train,train
10545097,train,train,dev,train,train
10266572,train,train,train,train,dev
10307534,train,train,train,dev,train
10250193,train,train,dev,train,train
10889172,train,train,train,train,dev
10856410,train,dev,train,train,train
10201055,train,train,train,train,dev
10233825,train,dev,train,train,train
10446819,train,train,train,train,dev
10455012,dev,train,train,train,train
10356713,train,train,train,train,dev
10291187,train,dev,train,train,train
10242043,train,train,train,train,dev
10217472,train,dev,train,train,train
10676230,dev,train,train,train,train
10192912,train,train,dev,train,train
10094613,train,train,train,train,dev
10143775,dev,train,train,train,train
10225695,train,train,train,train,dev
10635297,train,train,dev,train,train
10119214,train,dev,train,train,train
10283054,train,dev,train,train,train
10045489,train,train,dev,train,train
10119218,train,train,dev,train,train
10561587,train,train,train,dev,train
10250292,train,train,dev,train,train
10258485,dev,train,train,train,train
10414132,train,train,dev,train,train
10283067,dev,train,train,train,train
10414141,train,dev,train,train,train
10160194,train,train,dev,train,train
10299461,train,train,train,train,dev
10061893,train,train,train,train,dev
10307665,dev,train,train,train,train
10045523,train,train,dev,train,train
10766421,train,train,train,dev,train
10356822,train,dev,train,train,train
10389592,dev,train,train,train,train
10209369,train,train,train,dev,train
10176607,train,dev,train,train,train
10111074,dev,train,train,train,train
10758248,train,train,train,dev,train
10807403,train,train,train,train,dev
10872941,train,train,train,dev,train
10160237,train,dev,train,train,train
10365047,train,train,train,train,dev
10537083,train,train,train,dev,train
10545278,train,train,train,train,dev
10283139,train,train,train,train,dev
10029195,dev,train,train,train,train
10340494,train,dev,train,train,train
10242191,dev,train,train,train,train
10676371,train,train,train,train,dev
10659990,train,train,dev,train,train
10029209,train,dev,train,train,train
10283163,train,dev,train,train,train
10053788,train,dev,train,train,train
10299551,train,train,train,dev,train
10545315,train,dev,train,train,train
10741924,train,dev,train,train,train
10430629,train,train,train,train,dev
10602664,train,train,train,train,dev
10373294,train,train,train,dev,train
10127534,train,train,train,dev,train
10275000,train,dev,train,train,train
10307769,train,train,train,train,dev
10438842,train,train,train,train,dev
10676411,train,train,train,train,dev
10635460,train,dev,train,train,train
10299600,dev,train,train,train,train
10340564,train,train,train,train,dev
10299613,train,dev,train,train,train
10291422,dev,train,train,train,train
10029278,dev,train,train,train,train
10225887,train,dev,train,train,train
10242275,train,train,train,train,dev
10299631,train,train,train,train,dev
10529007,train,train,train,train,dev
10143987,train,train,train,dev,train
10545397,train,train,train,train,dev
10332406,train,dev,train,train,train
10717438,train,train,train,train,dev
10275073,train,train,dev,train,train
10356998,train,train,train,train,dev
10307848,train,train,dev,train,train
10340629,train,dev,train,train,train
10193173,train,train,train,dev,train
10856727,train,train,train,dev,train
10283288,train,train,train,dev,train
10766619,train,train,train,dev,train
10504482,dev,train,train,train,train
10332452,train,dev,train,train,train
10471721,train,dev,train,train,train
10275113,train,train,train,train,dev
10373425,train,train,train,train,dev
10733881,train,train,dev,train,train
10283321,train,train,train,train,dev
10283324,train,train,train,dev,train
10127676,train,dev,train,train,train
10103102,train,train,train,dev,train
10086719,train,train,train,dev,train
10864960,train,train,train,train,dev
10234181,train,train,train,dev,train
10692933,train,dev,train,train,train
10406217,train,train,train,train,dev
10750282,train,train,train,dev,train
10799436,train,train,train,dev,train
10193231,train,train,dev,train,train
10430799,train,train,dev,train,train
10275153,train,train,dev,train,train
10643794,train,train,train,dev,train
10750296,train,train,train,dev,train
10553689,train,train,dev,train,train
10201434,dev,train,train,train,train
10185051,train,train,dev,train,train
10176860,train,train,train,dev,train
10357085,train,dev,train,train,train
10185054,train,dev,train,train,train
10201439,train,train,train,dev,train
10430821,train,train,train,dev,train
10062185,train,train,train,dev,train
10078571,train,train,train,dev,train
10324337,train,train,dev,train,train
10275186,dev,train,train,train,train
10348914,train,train,train,dev,train
10324342,train,train,train,dev,train
10152312,train,train,train,train,dev
10832250,dev,train,train,train,train
10267003,train,train,dev,train,train
10430849,train,train,train,train,dev
10258826,train,train,train,dev,train
10054026,train,train,train,train,dev
10242446,train,train,train,dev,train
10176912,train,train,dev,train,train
10299797,train,train,train,dev,train
10054040,dev,train,train,train,train
10307996,dev,train,train,train,train
10176929,train,train,train,train,dev
10275234,dev,train,train,train,train
10234277,train,train,train,dev,train
10570153,train,dev,train,train,train
10103211,train,train,train,train,dev
10127790,dev,train,train,train,train
10496430,train,dev,train,train,train
10209712,train,train,train,train,dev
10291642,dev,train,train,train,train
10398139,train,train,train,train,dev
10357181,train,dev,train,train,train
10758597,train,dev,train,train,train
10086865,train,dev,train,train,train
10119634,train,dev,train,train,train
10357202,train,train,train,train,dev
10193361,train,train,train,dev,train
10824149,dev,train,train,train,train
10160595,train,train,train,dev,train
10209754,dev,train,train,train,train
10242522,train,train,train,train,dev
10160604,train,train,train,dev,train
10693086,train,dev,train,train,train
10332638,train,train,dev,train,train
10791392,train,train,train,dev,train
10316256,train,train,dev,train,train
10340835,train,train,train,train,dev
10127846,train,train,train,train,dev
10242539,train,train,train,train,dev
10054125,train,dev,train,train,train
10127860,train,train,dev,train,train
10316278,dev,train,train,train,train
10414584,train,dev,train,train,train
10340856,train,dev,train,train,train
10725885,train,train,train,dev,train
10103294,train,dev,train,train,train
10545666,train,train,train,dev,train
10742282,train,train,train,dev,train
10217996,dev,train,train,train,train
10201613,train,train,train,train,dev
10668558,dev,train,train,train,train
10062349,train,train,dev,train,train
10103313,train,dev,train,train,train
10668563,train,train,train,train,dev
10291732,train,train,train,dev,train
10324502,train,dev,train,train,train
10635799,train,dev,train,train,train
10177047,train,dev,train,train,train
10218010,train,train,dev,train,train
10807836,train,train,train,dev,train
10242590,train,train,dev,train,train
10619431,train,dev,train,train,train
10381867,train,train,train,dev,train
10709549,train,train,train,dev,train
10242609,train,train,dev,train,train
10226227,train,dev,train,train,train
10431043,train,train,train,train,dev
10046020,train,train,train,dev,train
10062406,train,dev,train,train,train
10275408,dev,train,train,train,train
10291801,train,train,train,train,dev
10365530,train,train,train,train,dev
10668635,train,train,train,dev,train
10717789,train,train,train,train,dev
10685023,train,train,train,train,dev
10275432,train,train,train,train,dev
10259056,train,train,train,dev,train
10414704,train,train,train,train,dev
10300021,train,train,train,train,dev
10291839,train,train,dev,train,train
10234497,dev,train,train,train,train
10308226,train,dev,train,train,train
10160778,train,train,train,train,dev
10054284,train,dev,train,train,train
10242702,train,train,dev,train,train
10332823,train,train,train,dev,train
10267288,train,train,dev,train,train
10234527,train,train,train,train,dev
10275491,dev,train,train,train,train
10619558,dev,train,train,train,train
10717866,train,train,train,train,dev
10169003,train,dev,train,train,train
10046129,train,train,dev,train,train
10660534,train,train,train,train,dev
10431164,train,train,train,train,dev
10889917,train,train,train,train,dev
10152640,train,dev,train,train,train
10259139,train,dev,train,train,train
10209995,train,train,train,train,dev
10529510,train,train,train,train,dev
10619625,train,train,dev,train,train
10177257,train,dev,train,train,train
10832619,train,train,dev,train,train
10177267,dev,train,train,train,train
10283764,train,train,train,train,dev
10210040,train,train,dev,train,train
10087164,train,train,dev,train,train
10177287,dev,train,train,train,train
10013460,train,train,train,dev,train
10324758,train,train,dev,train,train
10201880,train,train,train,dev,train
10431261,train,train,train,dev,train
10185504,train,dev,train,train,train
10234656,train,train,train,dev,train
10324772,train,dev,train,train,train
10128165,train,train,train,dev,train
10619691,train,train,train,train,dev
10005291,train,train,train,train,dev
10857260,train,train,dev,train,train
10242863,train,train,train,train,dev
10201906,train,dev,train,train,train
10292021,train,train,train,train,dev
10660661,train,train,train,dev,train
10398522,train,train,train,train,dev
10734395,train,train,dev,train,train
10283836,train,train,train,dev,train
10128186,train,dev,train,train,train
10226490,train,train,dev,train,train
10693439,train,train,dev,train,train
10251081,train,train,train,dev,train
10292042,train,dev,train,train,train
10251083,train,train,train,dev,train
10308429,train,train,dev,train,train
10472272,train,train,train,train,dev
10742613,train,train,dev,train,train
10513240,dev,train,train,train,train
10292059,train,train,dev,train,train
10537819,train,dev,train,train,train
10111841,train,dev,train,train,train
10365794,train,train,dev,train,train
10177379,train,dev,train,train,train
10890084,train,dev,train,train,train
10087269,train,dev,train,train,train
10201960,train,dev,train,train,train
10185577,train,train,dev,train,train
10046314,train,train,dev,train,train
10349421,train,train,dev,train,train
10324846,train,train,train,dev,train
10021743,dev,train,train,train,train
10308466,train,train,dev,train,train
10668915,train,train,train,train,dev
10464114,train,train,dev,train,train
10300281,dev,train,train,train,train
10242949,train,train,dev,train,train
10177416,train,train,dev,train,train
10275722,train,train,train,dev,train
10365834,train,train,train,train,dev
10324876,train,dev,train,train,train
10111888,train,dev,train,train,train
10365840,train,train,dev,train,train
10505115,train,dev,train,train,train
10660764,train,train,dev,train,train
10636191,train,train,train,dev,train
10439585,train,train,train,train,dev
10316706,train,train,dev,train,train
10365859,train,train,train,train,dev
10038180,train,train,train,train,dev
10136483,train,train,dev,train,train
10603433,train,train,train,dev,train
10849200,train,train,train,dev,train
10587056,train,train,dev,train,train
10161079,train,train,dev,train,train
10824636,train,dev,train,train,train
10333122,train,train,train,dev,train
10488770,train,train,train,dev,train
10062801,train,train,train,train,dev
10546134,dev,train,train,train,train
10709974,train,train,dev,train,train
10251227,train,train,dev,train,train
10406880,train,train,train,train,dev
10267621,train,train,train,dev,train
10136552,dev,train,train,train,train
10521579,train,train,train,train,dev
10251246,train,dev,train,train,train
10243054,train,train,dev,train,train
10136558,train,dev,train,train,train
10431472,train,train,dev,train,train
10841074,train,train,train,train,dev
10136563,dev,train,train,train,train
10333181,train,train,dev,train,train
10464257,train,train,dev,train,train
10284041,train,dev,train,train,train
10333194,train,train,dev,train,train
10390540,train,train,train,train,dev
10062866,train,train,train,train,dev
10136597,dev,train,train,train,train
10439701,train,train,train,train,dev
10202135,train,train,train,dev,train
10005536,train,dev,train,train,train
10136613,train,train,train,train,dev
10447911,dev,train,train,train,train
10357802,dev,train,train,train,train
10079275,train,train,dev,train,train
10087469,train,train,dev,train,train
10357807,train,train,train,train,dev
10128435,train,train,train,train,dev
10153014,train,train,dev,train,train
10120246,train,train,train,dev,train
10136635,train,train,dev,train,train
10071105,train,dev,train,train,train
10161218,train,train,dev,train,train
10505282,train,dev,train,train,train
10185796,train,train,dev,train,train
10308677,train,train,train,dev,train
10259527,train,train,train,train,dev
10120264,train,train,train,dev,train
10161229,train,dev,train,train,train
10505294,dev,train,train,train,train
10079312,train,train,train,dev,train
10316883,dev,train,train,train,train
10153044,train,train,train,train,dev
10275926,dev,train,train,train,train
10079320,dev,train,train,train,train
10128478,train,dev,train,train,train
10226784,train,train,dev,train,train
10652768,train,train,train,dev,train
10202213,train,train,train,train,dev
10316904,train,dev,train,train,train
10275944,train,dev,train,train,train
10833002,train,train,dev,train,train
10603627,train,dev,train,train,train
10325100,dev,train,train,train,train
10071153,train,train,train,train,dev
10300530,train,dev,train,train,train
10325107,dev,train,train,train,train
10243192,train,train,train,dev,train
10300539,train,train,train,dev,train
10144895,train,train,train,dev,train
10144896,train,train,train,train,dev
10087556,train,train,train,dev,train
10120333,train,train,train,train,dev
10275983,train,train,train,train,dev
10308751,train,train,train,dev,train
10833042,train,train,dev,train,train
10136730,dev,train,train,train,train
10235034,train,train,train,dev,train
10063003,train,train,train,dev,train
10874010,train,train,train,dev,train
10620062,dev,train,train,train,train
10136743,train,dev,train,train,train
10677420,train,dev,train,train,train
10292397,train,train,train,dev,train
10128558,train,train,dev,train,train
10308783,train,train,train,train,dev
10702003,train,dev,train,train,train
10300596,train,train,train,train,dev
10513588,train,dev,train,train,train
10251446,train,train,dev,train,train
10276028,train,train,train,train,dev
10161345,train,dev,train,train,train
10267841,train,train,train,train,dev
10177736,train,train,train,train,dev
10456268,train,train,dev,train,train
10849488,train,train,train,dev,train
10046677,train,train,train,train,dev
10783957,train,train,train,dev,train
10456284,train,train,train,dev,train
10202332,train,train,train,train,dev
10357989,train,train,train,train,dev
10513639,train,train,train,train,dev
10357997,train,train,train,dev,train
10276079,train,train,train,train,dev
10358000,dev,train,train,train,train
10300659,train,train,dev,train,train
10128630,train,dev,train,train,train
10243319,dev,train,train,train,train
10079479,train,train,train,dev,train
10882298,train,train,train,dev,train
10095872,train,train,dev,train,train
10652929,train,train,dev,train,train
10489096,train,train,dev,train,train
10071305,train,train,train,dev,train
10456329,train,train,dev,train,train
10333456,train,train,dev,train,train
10063127,train,dev,train,train,train
10022169,train,dev,train,train,train
10063129,train,dev,train,train,train
10415387,train,dev,train,train,train
10349852,train,train,train,train,dev
10095902,train,train,train,dev,train
10358049,train,dev,train,train,train
10530082,dev,train,train,train,train
10259746,train,train,train,dev,train
10792235,dev,train,train,train,train
10456365,train,dev,train,train,train
10267950,train,train,dev,train,train
10251569,train,train,train,train,dev
10300725,train,train,dev,train,train
10177849,train,train,train,dev,train
10169658,dev,train,train,train,train
10382650,train,dev,train,train,train
10251585,train,train,train,train,dev
10865987,train,dev,train,train,train
10186051,train,dev,train,train,train
10317133,train,train,train,dev,train
10186062,train,train,train,dev,train
10120528,train,train,dev,train,train
10399059,train,dev,train,train,train
10267989,train,train,train,train,dev
10464598,train,train,train,train,dev
10235223,train,train,train,dev,train
10169694,train,train,train,train,dev
10259807,train,train,train,train,dev
10030437,train,dev,train,train,train
10808678,train,train,train,dev,train
10874215,train,dev,train,train,train
10308975,train,dev,train,train,train
10308981,train,train,train,train,dev
10235256,train,dev,train,train,train
10857849,train,train,dev,train,train
10661245,train,train,train,dev,train
10587518,dev,train,train,train,train
10300802,train,train,dev,train,train
10308994,train,dev,train,train,train
10546564,train,dev,train,train,train
10300811,train,train,train,dev,train
10341779,train,dev,train,train,train
10317204,train,train,train,train,dev
10186134,train,train,train,train,dev
10317210,train,train,train,train,dev
10096043,train,train,train,dev,train
10325426,train,train,train,dev,train
10628532,dev,train,train,train,train
10292666,train,train,train,train,dev
10538431,train,train,train,dev,train
10653120,train,train,train,dev,train
10325442,train,train,dev,train,train
10276294,train,train,dev,train,train
10374599,train,dev,train,train,train
10776009,dev,train,train,train,train
10161609,train,train,train,train,dev
10661323,train,train,dev,train,train
10284490,train,train,dev,train,train
10120657,train,train,dev,train,train
10366425,train,dev,train,train,train
10579421,train,train,train,dev,train
10415588,train,train,dev,train,train
10063352,train,train,dev,train,train
10235387,train,dev,train,train,train
10391035,train,train,train,train,dev
10292738,train,dev,train,train,train
10251779,train,train,dev,train,train
10374664,dev,train,train,train,train
10096138,train,train,dev,train,train
10407435,train,train,train,train,dev
10391052,train,train,dev,train,train
10145297,train,train,train,train,dev
10087957,train,dev,train,train,train
10374681,train,train,train,train,dev
10800667,dev,train,train,train,train
10784285,dev,train,train,train,train
10604062,train,train,train,dev,train
10800675,train,train,train,train,dev
10292776,train,train,train,train,dev
10292777,train,dev,train,train,train
10604078,train,train,train,dev,train
10227254,train,train,train,dev,train
10145336,train,train,dev,train,train
10808888,train,train,train,dev,train
10309180,train,train,dev,train,train
10800700,train,train,train,train,dev
10309191,dev,train,train,train,train
10604108,train,train,dev,train,train
10776143,dev,train,train,train,train
10890833,train,train,dev,train,train
10219090,train,train,train,dev,train
10235479,train,dev,train,train,train
10505817,train,train,dev,train,train
10284638,train,train,dev,train,train
10579550,train,train,dev,train,train
10645089,train,train,train,train,dev
10317411,train,train,train,train,dev
10260069,train,dev,train,train,train
10006119,dev,train,train,train,train
10006122,train,train,train,train,dev
10292842,train,train,dev,train,train
10817134,train,train,dev,train,train
10006126,train,dev,train,train,train
10800757,train,train,dev,train,train
10473083,train,train,dev,train,train
10358398,train,train,dev,train,train
10260096,train,train,train,dev,train
10620545,train,train,train,dev,train
10284675,train,train,train,train,dev
10768005,train,train,dev,train,train
10317446,train,train,train,train,dev
10710662,train,train,dev,train,train
10268297,train,train,dev,train,train
10268298,train,train,train,train,dev
10505868,dev,train,train,train,train
10391184,train,train,train,train,dev
10219161,train,dev,train,train,train
10194586,train,train,train,train,dev
10301085,dev,train,train,train,train
10333853,train,dev,train,train,train
10423968,train,dev,train,train,train
10669734,dev,train,train,train,train
10358443,train,train,train,dev,train
10227373,train,train,train,dev,train
10489521,train,train,dev,train,train
10743473,train,train,train,dev,train
10120886,train,train,train,dev,train
10751673,train,dev,train,train,train
10235581,train,train,dev,train,train
10227391,train,train,train,dev,train
10284738,train,dev,train,train,train
10489540,train,train,dev,train,train
10776263,dev,train,train,train,train
10022599,train,dev,train,train,train
10292937,train,train,train,dev,train
10841799,train,dev,train,train,train
10333899,train,train,dev,train,train
10153677,train,train,dev,train,train
10727119,train,dev,train,train,train
10333903,train,train,dev,train,train
10358482,train,train,train,train,dev
10260190,dev,train,train,train,train
10366686,train,train,dev,train,train
10301154,train,train,train,dev,train
10448612,train,train,train,dev,train
10260199,train,train,train,train,dev
10383083,train,train,train,train,dev
10071791,train,dev,train,train,train
10301168,train,train,train,train,dev
10358513,train,train,dev,train,train
10358517,train,train,train,dev,train
10505974,train,train,dev,train,train
10833655,dev,train,train,train,train
10309367,train,train,train,dev,train
10079995,train,train,dev,train,train
10415870,train,dev,train,train,train
10096383,train,train,train,train,dev
10309378,train,train,train,dev,train
10465027,train,train,train,train,dev
10317573,train,train,train,train,dev
10350343,train,train,train,dev,train
10284808,train,train,train,dev,train
10293005,train,train,train,train,dev
10194705,train,train,train,train,dev
10047260,dev,train,train,train,train
10006302,train,dev,train,train,train
10358563,train,dev,train,train,train
10735396,dev,train,train,train,train
10374949,train,train,train,train,dev
10161960,train,train,dev,train,train
10350379,train,dev,train,train,train
10391344,train,dev,train,train,train
10112819,train,train,dev,train,train
10424117,train,dev,train,train,train
10309438,train,train,dev,train,train
10235711,train,dev,train,train,train
10178368,train,train,dev,train,train
10170182,train,train,dev,train,train
10121032,train,train,train,train,dev
10301258,dev,train,train,train,train
10366797,train,train,train,dev,train
10547022,train,train,dev,train,train
10104659,train,dev,train,train,train
10063700,train,train,dev,train,train
10162006,train,train,dev,train,train
10071900,train,train,dev,train,train
10276701,train,train,train,dev,train
10678118,train,train,train,dev,train
10178406,train,train,dev,train,train
10022765,train,train,train,dev,train
10325873,train,dev,train,train,train
10112886,train,train,train,train,dev
10162043,train,train,train,train,dev
10145665,dev,train,train,train,train
10219397,train,train,train,dev,train
10751884,train,dev,train,train,train
10080140,train,train,train,dev,train
10432398,train,train,train,dev,train
10112913,train,dev,train,train,train
10080147,train,train,train,dev,train
10260373,train,train,train,train,dev
10456984,train,dev,train,train,train
10252189,train,train,train,train,dev
10489759,train,train,train,train,dev
10858400,train,train,dev,train,train
10055584,train,train,train,train,dev
10350498,train,train,train,dev,train
10612645,train,dev,train,train,train
10743718,train,train,train,dev,train
10276774,train,train,train,dev,train
10055594,train,train,dev,train,train
10203053,train,train,dev,train,train
10448813,train,train,train,train,dev
10735536,train,train,train,train,dev
10743738,train,train,dev,train,train
10375100,train,train,dev,train,train
10407876,train,train,train,train,dev
10325965,train,train,train,dev,train
10244046,train,dev,train,train,train
10366929,train,train,train,dev,train
10489811,train,dev,train,train,train
10014676,dev,train,train,train,train
10244059,train,train,dev,train,train
10407905,train,train,train,dev,train
10276840,train,train,train,dev,train
10252265,train,train,train,train,dev
10579950,train,train,train,dev,train
10145775,train,dev,train,train,train
10039283,train,train,dev,train,train
10637300,train,train,train,train,dev
10563580,train,train,train,train,dev
10252291,train,dev,train,train,train
10276868,train,dev,train,train,train
10563598,train,train,train,dev,train
10031120,train,train,train,dev,train
10285075,train,train,train,train,dev
10244117,train,dev,train,train,train
10653720,train,train,train,train,dev
10113049,train,train,train,train,dev
10145817,train,train,dev,train,train
10407963,train,train,train,dev,train
10801185,train,train,train,train,dev
10375207,train,dev,train,train,train
10235944,train,train,train,dev,train
10301480,train,train,train,dev,train
10268717,train,train,train,train,dev
10252334,train,train,dev,train,train
10186799,train,train,train,train,dev
10252333,train,dev,train,train,train
10735669,train,train,train,train,dev
10416181,train,train,train,train,dev
10244153,train,train,train,dev,train
10317884,train,train,dev,train,train
10047554,train,dev,train,train,train
10268740,train,train,dev,train,train
10154053,train,train,train,train,dev
10768452,train,train,dev,train,train
10637385,train,train,train,dev,train
10170442,train,train,dev,train,train
10858576,train,train,train,dev,train
10195026,train,dev,train,train,train
10784852,train,dev,train,train,train
10170455,train,train,train,train,dev
10317912,train,train,train,train,dev
10235991,train,train,dev,train,train
10088537,train,train,train,dev,train
10031194,train,train,dev,train,train
10358876,train,train,train,dev,train
10154080,dev,train,train,train,train
10711136,train,train,dev,train,train
10809446,train,train,dev,train,train
10236007,train,train,train,train,dev
10309738,dev,train,train,train,train
10883178,train,dev,train,train,train
10309741,dev,train,train,train,train
10621039,train,dev,train,train,train
10645616,train,train,train,train,dev
10014855,train,train,dev,train,train
10293386,train,train,train,train,dev
10244236,dev,train,train,train,train
10301581,train,train,dev,train,train
10260622,train,train,dev,train,train
10424463,train,dev,train,train,train
10236055,train,train,dev,train,train
10285209,train,train,dev,train,train
10342556,train,train,dev,train,train
10842269,dev,train,train,train,train
10309790,dev,train,train,train,train
10203295,train,train,train,train,dev
10211488,train,train,train,dev,train
10121376,train,dev,train,train,train
10367135,train,train,train,dev,train
10260645,train,dev,train,train,train
10219689,train,train,train,train,dev
10203305,train,train,train,dev,train
10555561,train,train,train,train,dev
10653868,train,train,train,dev,train
10694829,dev,train,train,train,train
10236074,train,train,train,dev,train
10301622,train,train,dev,train,train
10342587,train,train,train,train,dev
10342589,train,train,train,dev,train
10268861,train,train,train,train,dev
10195134,train,dev,train,train,train
10260671,train,train,dev,train,train
10039491,dev,train,train,train,train
10498243,train,train,dev,train,train
10227913,train,train,train,dev,train
10268876,train,train,train,dev,train
10268878,train,train,train,train,dev
10531041,train,dev,train,train,train
10342628,train,train,train,dev,train
10653927,train,train,train,dev,train
10490091,train,train,dev,train,train
10326253,train,train,train,train,dev
10752237,train,train,train,dev,train
10006773,train,dev,train,train,train
10178805,train,train,dev,train,train
10809589,train,train,dev,train,train
10342648,train,train,dev,train,train
10146044,train,train,train,train,dev
10154237,train,train,dev,train,train
10727685,train,train,dev,train,train
10170630,train,train,dev,train,train
10170636,train,train,dev,train,train
10285325,dev,train,train,train,train
10178833,train,train,dev,train,train
10506513,train,train,dev,train,train
10514711,train,dev,train,train,train
10662168,dev,train,train,train,train
10621212,train,dev,train,train,train
10653982,train,dev,train,train,train
10506526,train,train,train,dev,train
10244389,dev,train,train,train,train
10228006,train,dev,train,train,train
10080552,train,train,train,dev,train
10301739,train,train,train,train,dev
10195244,train,train,dev,train,train
10580271,train,train,dev,train,train
10342705,train,train,train,train,dev
10850613,train,train,train,dev,train
10113334,train,train,train,dev,train
10752321,dev,train,train,train,train
10342722,train,dev,train,train,train
10178885,train,train,train,train,dev
10760518,train,train,train,dev,train
10252615,train,dev,train,train,train
10547528,train,train,train,train,dev
10162506,train,train,train,train,dev
10047820,train,train,train,dev,train
10883407,train,dev,train,train,train
10506585,train,train,dev,train,train
10785119,train,dev,train,train,train
10391909,train,dev,train,train,train
10301798,dev,train,train,train,train
10572160,train,train,train,dev,train
10039682,dev,train,train,train,train
10236292,train,dev,train,train,train
10736005,train,train,train,train,dev
10088841,dev,train,train,train,train
10342793,train,train,train,train,dev
10178953,train,train,dev,train,train
10285461,train,train,train,train,dev
10260888,train,train,train,train,dev
10129820,train,train,dev,train,train
10891677,train,train,train,train,dev
10326431,train,train,dev,train,train
10351009,train,train,train,train,dev
10285477,train,train,train,train,dev
10195370,dev,train,train,train,train
10506667,train,train,train,dev,train
10006955,train,train,train,train,dev
10244522,train,train,dev,train,train
10645932,train,train,dev,train,train
10400173,train,dev,train,train,train
10523058,train,dev,train,train,train
10637751,train,train,dev,train,train
10498488,train,train,dev,train,train
10826170,train,train,train,dev,train
10817978,train,train,train,dev,train
10768830,dev,train,train,train,train
10244544,dev,train,train,train,train
10006977,dev,train,train,train,train
10342849,dev,train,train,train,train
10613185,train,train,train,train,dev
10334664,train,train,train,train,dev
10179018,train,train,dev,train,train
10285516,train,train,train,dev,train
10318288,train,train,train,dev,train
10211797,train,dev,train,train,train
10211803,train,train,train,dev,train
10359260,train,dev,train,train,train
10719708,train,dev,train,train,train
10359262,train,train,dev,train,train
10047967,train,train,train,train,dev
10301916,train,train,train,dev,train
10236386,train,dev,train,train,train
10064359,train,train,train,train,dev
10293737,train,train,train,dev,train
10252782,train,train,dev,train,train
10170865,train,train,train,dev,train
10351090,train,train,train,dev,train
10588659,train,dev,train,train,train
10367480,train,train,train,dev,train
10310140,train,dev,train,train,train
10310149,train,train,train,dev,train
10252808,train,train,train,train,dev
10056201,train,train,train,train,dev
10301961,train,train,train,train,dev
10342923,dev,train,train,train,train
10162702,train,train,dev,train,train
10097166,train,dev,train,train,train
10293777,dev,train,train,train,train
10170902,train,dev,train,train,train
10121756,train,train,train,train,dev
10588704,train,train,dev,train,train
10760743,train,train,train,dev,train
10539573,train,train,dev,train,train
10203705,train,dev,train,train,train
10261058,train,train,dev,train,train
10121796,train,dev,train,train,train
10064457,train,dev,train,train,train
10269261,train,dev,train,train,train
10195534,train,train,dev,train,train
10424916,train,train,dev,train,train
10883669,train,train,train,train,dev
10261080,dev,train,train,train,train
10629721,train,train,train,dev,train
10359384,train,train,train,train,dev
10007132,train,dev,train,train,train
10818144,train,dev,train,train,train
10850914,train,dev,train,train,train
10015332,train,train,dev,train,train
10670694,dev,train,train,train,train
10261107,train,train,dev,train,train
10302069,dev,train,train,train,train
10236535,train,train,train,train,dev
10744440,train,dev,train,train,train
10834556,train,train,train,dev,train
10490494,train,train,dev,train,train
10310280,train,train,dev,train,train
10408588,dev,train,train,train,train
10269332,train,train,train,train,dev
10400405,train,train,dev,train,train
10654358,dev,train,train,train,train
10318486,train,train,train,train,dev
10326680,train,train,train,dev,train
10687129,train,train,train,dev,train
10392217,train,train,train,dev,train
10318489,train,train,train,train,dev
10302105,train,dev,train,train,train
10179232,dev,train,train,train,train
10678949,train,train,train,dev,train
10883753,train,train,train,train,dev
10310316,train,train,dev,train,train
10187455,train,train,dev,train,train
10318527,train,dev,train,train,train
10048194,train,dev,train,train,train
10302148,train,train,train,train,dev
10400458,train,train,dev,train,train
10285776,train,train,dev,train,train
10392272,train,dev,train,train,train
10097362,train,train,train,dev,train
10056405,train,train,dev,train,train
10818265,train,train,dev,train,train
10293983,dev,train,train,train,train
10269408,train,train,train,dev,train
10179300,dev,train,train,train,train
10834660,train,train,dev,train,train
10146537,train,train,train,dev,train
10040043,train,train,train,dev,train
10130160,dev,train,train,train,train
10367729,train,train,train,dev,train
10302192,train,train,train,dev,train
10031858,train,dev,train,train,train
10679031,train,train,train,train,dev
10302202,dev,train,train,train,train
10367738,train,train,train,dev,train
10203900,train,train,dev,train,train
10048266,dev,train,train,train,train
10236687,train,train,dev,train,train
10392337,train,train,dev,train,train
10285849,train,dev,train,train,train
10138399,train,dev,train,train,train
10113823,train,train,dev,train,train
10162977,train,dev,train,train,train
10482466,dev,train,train,train,train
10007328,train,train,dev,train,train
10629922,train,train,dev,train,train
10531622,train,train,train,dev,train
10302251,dev,train,train,train,train
10253104,train,train,train,dev,train
10564403,dev,train,train,train,train
10113847,train,train,train,train,dev
10351424,train,train,train,dev,train
10031936,train,train,train,dev,train
10089280,train,train,train,dev,train
10597189,train,train,dev,train,train
10810185,train,train,train,dev,train
10236751,train,train,dev,train,train
10294100,train,dev,train,train,train
10318678,train,train,dev,train,train
10335063,train,dev,train,train,train
10244954,dev,train,train,train,train
10138459,train,train,train,dev,train
10220381,train,train,train,train,dev
10122078,train,train,dev,train,train
10187625,train,dev,train,train,train
10359658,train,train,train,dev,train
10244970,train,train,dev,train,train
10752879,train,dev,train,train,train
10007408,train,train,train,train,dev
10228599,train,train,train,dev,train
10031992,train,train,train,train,dev
10195833,dev,train,train,train,train
10343296,train,train,train,train,dev
10244993,train,dev,train,train,train
10310529,train,train,train,dev,train
10310531,train,dev,train,train,train
10261386,train,train,train,train,dev
10318738,train,dev,train,train,train
10285970,train,dev,train,train,train
10253213,dev,train,train,train,train
10359716,train,train,dev,train,train
10122150,train,train,train,dev,train
10294185,train,dev,train,train,train
10163114,train,train,train,train,dev
10154923,train,train,train,dev,train
10744755,train,dev,train,train,train
10154935,train,train,dev,train,train
10179516,train,train,dev,train,train
10089405,dev,train,train,train,train
10286016,train,dev,train,train,train
10482625,dev,train,train,train,train
10105795,train,train,train,train,dev
10269642,train,dev,train,train,train
10097613,train,train,train,train,dev
10359760,train,dev,train,train,train
10417109,train,train,train,dev,train
10310615,train,train,train,dev,train
10269659,train,dev,train,train,train
10793952,train,train,dev,train,train
10892263,train,dev,train,train,train
10089449,train,dev,train,train,train
10032105,train,train,train,train,dev
10179565,train,train,train,train,dev
10392561,train,train,train,train,dev
10351603,train,train,dev,train,train
10261494,train,train,train,dev,train
10351608,train,train,train,train,dev
10023928,train,train,train,train,dev
10810362,train,train,train,train,dev
10351610,train,train,train,dev,train
10261504,train,dev,train,train,train
10507276,train,train,train,dev,train
10269718,dev,train,train,train,train
10368022,train,train,train,train,dev
10261539,train,train,train,dev,train
10302502,train,train,train,dev,train
10744871,train,train,train,train,dev
10228775,train,train,train,train,dev
10417193,train,dev,train,train,train
10581036,train,train,train,train,dev
10089522,train,train,train,train,dev
10728501,train,train,dev,train,train
10138679,train,train,train,train,dev
10204220,train,train,dev,train,train
10613821,train,train,train,dev,train
10048576,train,train,train,train,dev
10081345,train,train,train,dev,train
10212419,train,train,train,train,dev
10269764,train,train,train,train,dev
10261580,train,train,dev,train,train
10835023,train,train,train,train,dev
10794066,train,train,train,train,dev
10294357,train,train,train,train,dev
10515542,train,train,train,dev,train
10490970,train,train,train,train,dev
10654815,train,train,dev,train,train
10277985,train,train,train,train,dev
10277986,train,train,train,dev,train
10572902,train,train,train,dev,train
10318951,train,train,train,dev,train
10622057,train,train,train,dev,train
10302573,dev,train,train,train,train
10400882,train,train,train,train,dev
10056821,train,dev,train,train,train
10278006,train,train,train,dev,train
10228856,train,train,train,train,dev
10310778,train,dev,train,train,train
10638462,dev,train,train,train,train
10695814,train,train,train,train,dev
10048651,train,train,train,train,dev
10409100,dev,train,train,train,train
10327179,train,dev,train,train,train
10163343,dev,train,train,train,train
10704015,train,dev,train,train,train
10613905,train,train,train,train,dev
10228887,train,train,train,train,dev
10794137,train,train,dev,train,train
10343579,train,train,train,dev,train
10278052,dev,train,train,train,train
10040487,train,train,train,train,dev
10114216,train,dev,train,train,train
10728617,train,train,train,train,dev
10212519,train,train,dev,train,train
10212525,train,train,train,train,dev
10851502,train,dev,train,train,train
10351795,train,train,dev,train,train
10245307,train,train,dev,train,train
10065105,train,train,train,dev,train
10261715,train,train,dev,train,train
10400984,dev,train,train,train,train
10376410,train,train,train,dev,train
10302683,dev,train,train,train,train
10089696,train,train,train,dev,train
10269929,dev,train,train,train,train
10278121,train,train,train,dev,train
10646762,train,train,train,train,dev
10605805,train,train,train,train,dev
10433776,dev,train,train,train,train
10663154,train,train,train,train,dev
10319092,dev,train,train,train,train
10097908,train,dev,train,train,train
10261749,train,train,train,dev,train
10343672,dev,train,train,train,train
10081528,train,train,train,dev,train
10155259,train,train,dev,train,train
10310911,train,train,train,train,dev
10286340,train,train,train,dev,train
10319113,train,train,train,train,dev
10351889,train,dev,train,train,train
10327315,train,train,train,dev,train
10294549,train,train,dev,train,train
10556694,train,train,train,dev,train
10286363,train,train,train,dev,train
10048796,train,train,train,dev,train
10278175,train,train,train,dev,train
10024225,train,train,dev,train,train
10360106,train,train,train,train,dev
10515756,train,train,train,dev,train
10048814,dev,train,train,train,train
10499378,train,train,train,train,dev
10212676,train,dev,train,train,train
10614093,train,train,train,dev,train
10163537,train,train,train,dev,train
10712402,train,train,train,train,dev
10261841,train,train,train,dev,train
10073431,train,train,train,train,dev
10319192,train,train,train,dev,train
10311000,train,dev,train,train,train
10458466,train,train,dev,train,train
10032491,train,train,dev,train,train
10663276,train,train,train,dev,train
10343789,train,train,dev,train,train
10777965,train,train,train,train,dev
10843507,train,train,dev,train,train
10728820,train,train,train,train,dev
10425718,train,train,train,dev,train
10343798,train,train,train,dev,train
10417528,dev,train,train,train,train
10040701,train,dev,train,train,train
10818943,train,dev,train,train,train
10360200,train,train,train,train,dev
10892684,train,train,dev,train,train
10352012,train,train,train,dev,train
10868116,train,train,train,dev,train
10007957,dev,train,train,train,train
10286488,train,train,train,train,dev
10319257,train,train,train,train,dev
10057121,dev,train,train,train,train
10655138,dev,train,train,train,train
10417570,train,train,train,train,dev
10499492,dev,train,train,train,train
10687909,train,train,train,train,dev
10294698,train,train,train,train,dev
10024364,train,train,train,train,dev
10458540,train,train,dev,train,train
10220979,train,train,train,dev,train
10007988,train,dev,train,train,train
10024376,train,train,dev,train,train
10302906,train,dev,train,train,train
10474939,train,dev,train,train,train
10139071,train,train,train,train,dev
10311103,train,train,dev,train,train
10212801,dev,train,train,train,train
10204611,train,train,train,train,dev
10368458,train,train,train,dev,train
10253776,train,train,dev,train,train
10261969,train,train,train,dev,train
10081747,train,train,train,train,dev
10679765,train,train,dev,train,train
10360278,dev,train,train,train,train
10327513,train,train,dev,train,train
10114527,train,train,train,dev,train
10614239,train,dev,train,train,train
10491362,dev,train,train,train,train
10515944,train,train,dev,train,train
10188264,train,train,train,train,dev
10024424,train,train,train,train,dev
10417646,train,train,dev,train,train
10810863,train,train,dev,train,train
10302960,dev,train,train,train,train
10024435,train,train,train,train,dev
10687988,train,dev,train,train,train
10262005,train,train,dev,train,train
10286582,train,train,train,dev,train
10343934,train,train,train,train,dev
10876416,train,dev,train,train,train
10253829,train,train,dev,train,train
10049029,train,train,train,train,dev
10212871,train,train,train,train,dev
10524178,train,dev,train,train,train
10171923,train,dev,train,train,train
10409492,train,dev,train,train,train
10335764,train,train,train,dev,train
10532382,train,dev,train,train,train
10491432,train,train,train,dev,train
10327593,dev,train,train,train,train
10761771,train,train,train,dev,train
10171954,dev,train,train,train,train
10278453,train,train,train,train,dev
10294841,train,train,train,dev,train
10303034,train,train,train,train,dev
10540601,train,dev,train,train,train
10851904,train,dev,train,train,train
10065474,train,train,train,dev,train
10884693,train,dev,train,train,train
10286692,train,train,train,train,dev
10557029,train,dev,train,train,train
10188393,train,train,train,train,dev
10155628,train,train,train,train,dev
10196590,dev,train,train,train,train
10245749,dev,train,train,train,train
10229365,train,train,dev,train,train
10237561,train,train,dev,train,train
10876540,train,train,train,train,dev
10630782,train,train,train,train,dev
10065535,train,train,dev,train,train
10229378,train,train,dev,train,train
10737282,train,train,train,train,dev
10172036,train,dev,train,train,train
10098313,train,train,train,dev,train
10024588,dev,train,train,train,train
10606224,train,dev,train,train,train
10172050,train,train,train,dev,train
10368660,train,train,train,train,dev
10286741,train,train,train,dev,train
10868383,train,train,train,train,dev
10163874,train,train,train,train,dev
10270374,dev,train,train,train,train
10319528,train,train,train,train,dev
10589886,train,dev,train,train,train
10221248,train,train,dev,train,train
10278593,train,dev,train,train,train
10286786,train,train,train,dev,train
10704590,train,train,train,train,dev
10131152,train,train,train,dev,train
10254034,train,train,dev,train,train
10327767,train,train,train,train,dev
10827480,dev,train,train,train,train
10147545,train,train,train,train,dev
10819291,train,train,train,train,dev
10712798,train,train,train,dev,train
10663648,dev,train,train,train,train
10811105,train,train,train,dev,train
10024674,train,train,train,train,dev
10508029,dev,train,train,train,train
10860285,train,train,train,dev,train
10278655,train,train,train,train,dev
10540800,train,train,dev,train,train
10106625,train,dev,train,train,train
10336002,train,dev,train,train,train
10008320,train,train,dev,train,train
10188549,train,train,train,dev,train
10352390,train,train,dev,train,train
10057484,train,train,dev,train,train
10385165,train,train,train,dev,train
10508047,dev,train,train,train,train
10852113,train,train,train,dev,train
10245906,train,train,train,dev,train
10139412,train,train,train,train,dev
10213142,train,dev,train,train,train
10245911,train,train,dev,train,train
10172188,train,train,train,train,dev
10237725,train,train,train,dev,train
10254110,train,train,dev,train,train
10696484,train,train,dev,train,train
10204965,dev,train,train,train,train
10229542,train,train,train,train,dev
10778405,train,train,dev,train,train
10868522,train,train,train,dev,train
10303278,train,train,train,train,dev
10622769,train,train,dev,train,train
10254130,dev,train,train,train,train
10835766,train,train,train,dev,train
10237754,train,train,train,train,dev
10180413,train,train,dev,train,train
10524489,dev,train,train,train,train
10696523,dev,train,train,train,train
10041171,train,train,dev,train,train
10041175,dev,train,train,train,train
10426204,train,train,train,dev,train
10671965,train,train,train,train,dev
10467166,train,train,dev,train,train
10262372,train,dev,train,train,train
10319716,train,dev,train,train,train
10155878,train,dev,train,train,train
10565478,train,train,train,dev,train
10770280,train,train,train,train,dev
10221419,train,train,train,train,dev
10712947,train,dev,train,train,train
10418040,train,train,dev,train,train
10164090,dev,train,train,train,train
10164091,train,train,train,train,dev
10237819,train,train,train,train,dev
10041214,train,train,dev,train,train
10221443,train,train,train,dev,train
10246020,train,train,train,dev,train
10581894,train,train,train,train,dev
10196871,train,train,train,dev,train
10237832,train,train,train,dev,train
10672013,train,train,train,dev,train
10057614,train,train,dev,train,train
10049427,train,dev,train,train,train
10303394,dev,train,train,train,train
10098598,dev,train,train,train,train
10016678,train,train,train,train,dev
10221480,train,dev,train,train,train
10409898,train,train,train,train,dev
10180527,train,train,dev,train,train
10221491,train,dev,train,train,train
10475443,train,dev,train,train,train
10418105,train,train,train,dev,train
10188731,train,train,train,dev,train
10278846,train,train,train,dev,train
10385345,train,dev,train,train,train
10188742,dev,train,train,train,train
10344391,train,dev,train,train,train
10237896,train,dev,train,train,train
10434506,train,dev,train,train,train
10041293,train,train,train,train,dev
10328017,train,train,train,dev,train
10303444,train,train,train,dev,train
10147797,train,train,dev,train,train
10155990,train,dev,train,train,train
10057686,train,dev,train,train,train
10360793,train,train,train,dev,train
10459097,train,dev,train,train,train
10098658,train,dev,train,train,train
10844132,train,train,train,train,dev
10303460,train,train,train,dev,train
10254315,train,dev,train,train,train
10229746,train,train,train,train,dev
10844152,dev,train,train,train,train
10303481,train,train,train,dev,train
10205178,train,train,train,train,dev
10098685,train,train,train,dev,train
10156034,train,dev,train,train,train
10172419,dev,train,train,train,train
10885133,train,train,train,dev,train
10278926,train,train,train,dev,train
10197015,dev,train,train,train,train
10344474,train,dev,train,train,train
10328090,train,train,dev,train,train
10319901,train,train,train,dev,train
10016806,train,train,train,dev,train
10147883,train,train,train,dev,train
10745899,train,dev,train,train,train
10164269,dev,train,train,train,train
10147896,train,dev,train,train,train
10483769,train,train,train,train,dev
10082364,train,train,train,train,dev
10344511,train,train,train,train,dev
10205248,train,train,train,dev,train
10319938,train,train,train,train,dev
10491971,train,train,train,dev,train
10385479,train,dev,train,train,train
10844242,train,train,train,dev,train
10270802,train,train,train,train,dev
10319963,train,dev,train,train,train
10246237,train,dev,train,train,train
10188895,train,train,train,dev,train
10557538,train,train,train,train,dev
10164329,train,train,train,train,dev
10360946,dev,train,train,train,train
10762356,train,train,train,dev,train
10516601,dev,train,train,train,train
10049657,train,train,train,dev,train
10197115,train,train,train,train,dev
10418299,train,train,train,train,dev
10377345,dev,train,train,train,train
10311813,train,train,dev,train,train
10852486,train,train,train,dev,train
10295434,train,train,train,train,dev
10279052,train,train,dev,train,train
10164367,train,train,train,dev,train
10123408,train,train,dev,train,train
10041491,train,dev,train,train,train
10090643,train,train,train,dev,train
10664087,dev,train,train,train,train
10320025,train,dev,train,train,train
10041499,train,train,train,train,dev
10827931,train,train,train,dev,train
10107037,train,train,train,dev,train
10533023,dev,train,train,train,train
10352803,train,train,train,train,dev
10262699,train,train,train,train,dev
10098865,train,train,train,dev,train
10311859,train,train,dev,train,train
10746036,train,train,dev,train,train
10279098,train,train,dev,train,train
10705083,train,dev,train,train,train
10148028,train,train,train,train,dev
10500289,train,train,train,train,dev
10860739,train,train,train,dev,train
10066117,train,train,train,dev,train
10295503,dev,train,train,train,train
10123471,train,train,train,dev,train
10311893,train,train,train,dev,train
10295511,train,train,train,train,dev
10787032,train,train,train,dev,train
10811609,train,dev,train,train,train
10115288,train,dev,train,train,train
10369246,train,train,dev,train,train
10115296,train,train,train,dev,train
10303719,train,dev,train,train,train
10017000,train,train,train,train,dev
10139885,train,train,dev,train,train
10287344,train,train,dev,train,train
10156278,dev,train,train,train,train
10311930,train,dev,train,train,train
10352898,dev,train,train,train,train
10877189,train,train,train,dev,train
10230033,train,train,train,train,dev
10148114,train,train,train,train,dev
10336533,train,train,train,train,dev
10361118,train,train,train,train,dev
10303775,dev,train,train,train,train
10074405,train,train,train,train,dev
10041640,train,dev,train,train,train
10221867,train,train,train,dev,train
10172720,train,dev,train,train,train
10336566,train,train,train,train,dev
10033463,train,train,train,dev,train
10697016,train,train,train,train,dev
10205497,train,train,dev,train,train
10090810,dev,train,train,train,train
10197306,train,train,train,dev,train
10828094,train,train,train,train,dev
10099008,train,dev,train,train,train
10156357,dev,train,train,train,train
10090822,train,train,train,dev,train
10312009,train,train,dev,train,train
10361162,train,train,train,dev,train
10344779,train,train,dev,train,train
10287433,train,train,dev,train,train
10139983,train,train,train,train,dev
10705232,train,train,train,dev,train
10279249,train,dev,train,train,train
10312022,train,dev,train,train,train
10164567,train,train,train,train,dev
10508637,dev,train,train,train,train
10254693,train,train,train,dev,train
10140008,dev,train,train,train,train
10385768,train,train,train,dev,train
10303850,train,train,train,train,dev
10729837,train,train,dev,train,train
10885488,train,train,dev,train,train
10672500,dev,train,train,train,train
10164597,train,dev,train,train,train
10131830,train,train,dev,train,train
10197372,dev,train,train,train,train
10238333,train,dev,train,train,train
10172804,train,train,dev,train,train
10312069,train,dev,train,train,train
10107270,dev,train,train,train,train
10647943,train,train,train,dev,train
10221960,train,train,dev,train,train
10320260,train,dev,train,train,train
10230154,train,dev,train,train,train
10189195,train,train,dev,train,train
10279308,train,dev,train,train,train
10271116,train,train,dev,train,train
10295694,train,train,train,train,dev
10312078,train,train,dev,train,train
10008975,train,dev,train,train,train
10451341,train,dev,train,train,train
10090900,train,train,train,dev,train
10041749,train,dev,train,train,train
10115483,train,train,train,train,dev
10000795,train,train,train,train,dev
10811814,train,dev,train,train,train
10746283,train,train,train,dev,train
10721711,train,train,train,train,dev
10254767,train,train,dev,train,train
10074543,train,train,dev,train,train
10131890,train,train,train,dev,train
10369459,dev,train,train,train,train
10369463,train,train,train,dev,train
10197432,dev,train,train,train,train
10516919,train,dev,train,train,train
10058171,train,train,train,train,dev
10000832,train,dev,train,train,train
10033600,train,train,train,train,dev
10009024,train,dev,train,train,train
10303939,train,train,train,dev,train
10467781,train,train,train,dev,train
10295754,train,dev,train,train,train
10099150,train,train,train,dev,train
10033619,dev,train,train,train,train
10746324,train,dev,train,train,train
10140118,train,train,dev,train,train
10222042,train,dev,train,train,train
10344933,train,train,dev,train,train
10312166,train,dev,train,train,train
10566119,train,dev,train,train,train
10254826,train,train,train,dev,train
10156534,train,train,train,dev,train
10459640,dev,train,train,train,train
10140153,train,train,dev,train,train
10648059,train,train,train,train,dev
10689021,train,train,train,dev,train
10000894,train,dev,train,train,train
10762750,train,dev,train,train,train
10295814,train,dev,train,train,train
10271240,train,train,train,dev,train
10287625,train,train,dev,train,train
10459659,train,train,train,dev,train
10877458,dev,train,train,train,train
10312212,train,train,train,train,dev
10230301,train,dev,train,train,train
10058270,train,train,train,train,dev
10377761,dev,train,train,train,train
10721827,train,dev,train,train,train
10713636,train,dev,train,train,train
10828325,train,dev,train,train,train
10091046,train,train,train,dev,train
10426919,train,train,dev,train,train
10328616,dev,train,train,train,train
10271274,train,train,train,dev,train
10254891,train,train,train,dev,train
10320430,train,train,dev,train,train
10410545,train,train,train,dev,train
10639923,train,train,train,dev,train
10304053,dev,train,train,train,train
10541621,train,dev,train,train,train
10385976,train,dev,train,train,train
10476089,train,train,train,train,dev
10885696,train,train,dev,train,train
10320449,train,train,train,dev,train
10254914,train,dev,train,train,train
10607173,train,dev,train,train,train
10705480,train,train,dev,train,train
10287689,train,train,train,dev,train
10320459,train,train,dev,train,train
10664525,train,dev,train,train,train
10615375,train,train,train,train,dev
10164817,train,train,train,train,dev
10041940,dev,train,train,train,train
10033750,train,dev,train,train,train
10295897,train,train,train,train,dev
10058338,train,dev,train,train,train
10189414,train,train,train,train,dev
10017386,train,train,train,dev,train
10001003,dev,train,train,train,train
10254957,dev,train,train,train,train
10451568,train,train,train,dev,train
10738298,dev,train,train,train,train
10312317,train,train,dev,train,train
10418819,train,train,dev,train,train
10525317,train,train,dev,train,train
10312337,train,train,dev,train,train
10214037,train,train,train,train,dev
10607266,dev,train,train,train,train
10189476,train,dev,train,train,train
10189477,train,train,train,train,dev
10238634,train,train,dev,train,train
10320562,train,train,dev,train,train
10238642,train,dev,train,train,train
10287796,train,dev,train,train,train
10222259,train,dev,train,train,train
10115768,dev,train,train,train,train
10083006,dev,train,train,train,train
10320588,train,train,train,dev,train
10549964,train,train,train,dev,train
10582738,train,train,train,dev,train
10328793,train,dev,train,train,train
10115801,train,dev,train,train,train
10033884,train,train,dev,train,train
10410723,train,dev,train,train,train
10803941,train,dev,train,train,train
10287846,dev,train,train,train,train
10287849,train,train,train,train,dev
10222314,train,train,train,dev,train
10271480,train,train,train,dev,train
10779387,train,train,train,train,dev
10648318,train,train,train,train,dev
10468095,train,train,dev,train,train
10615556,train,train,train,train,dev
10124045,train,train,train,train,dev
10771218,train,train,train,train,dev
10345239,train,train,train,train,dev
10246949,train,train,train,dev,train
10713896,train,train,train,dev,train
10205995,dev,train,train,train,train
10165042,train,dev,train,train,train
10124083,train,train,train,train,dev
10599218,train,dev,train,train,train
10386230,train,train,dev,train,train
10353467,train,train,dev,train,train
10230590,train,train,dev,train,train
10074958,train,dev,train,train,train
10492759,train,train,train,train,dev
10009434,train,dev,train,train,train
10304360,dev,train,train,train,train
10386290,train,train,train,dev,train
10279795,train,train,train,dev,train
10156916,train,train,dev,train,train
10468217,train,train,train,train,dev
10050428,dev,train,train,train,train
10214268,train,train,dev,train,train
10058620,train,train,dev,train,train
10877829,dev,train,train,train,train
10656651,train,train,train,train,dev
10009487,train,train,train,train,dev
10181523,train,train,dev,train,train
10353560,train,train,dev,train,train
10681242,train,dev,train,train,train
10255262,train,train,train,train,dev
10697634,train,train,dev,train,train
10050467,train,train,train,dev,train
10247076,dev,train,train,train,train
10304422,train,train,dev,train,train
10681257,dev,train,train,train,train
10214315,dev,train,train,train,train
10361775,train,train,train,dev,train
10754991,train,dev,train,train,train
10787762,train,train,train,dev,train
10722230,train,train,train,train,dev
10238903,train,train,train,train,dev
10345399,train,train,train,dev,train
10804156,train,train,dev,train,train
10271680,train,train,train,train,dev
10337217,train,train,dev,train,train
10132419,train,train,dev,train,train
10116037,train,train,train,train,dev
10009543,train,dev,train,train,train
10320844,train,train,train,train,dev
10271700,train,train,dev,train,train
10746836,train,dev,train,train,train
10296278,train,train,dev,train,train
10132439,train,train,dev,train,train
10714068,train,dev,train,train,train
10886104,train,train,dev,train,train
10279899,train,train,train,train,dev
10443740,train,train,train,train,dev
10386396,train,train,dev,train,train
10460127,train,train,train,train,dev
10025954,dev,train,train,train,train
10476518,train,train,train,dev,train
10230761,train,train,dev,train,train
10271723,train,dev,train,train,train
10148847,train,train,train,train,dev
10812401,train,train,dev,train,train
10443769,train,dev,train,train,train
10329082,train,train,train,dev,train
10697723,dev,train,train,train,train
10222589,train,train,train,dev,train
10165250,train,dev,train,train,train
10099714,train,train,train,train,dev
10320901,train,dev,train,train,train
10312715,dev,train,train,train,train
10238988,train,train,train,train,dev
10796051,train,train,train,train,dev
10214422,train,dev,train,train,train
10517527,train,train,train,train,dev
10132504,train,train,train,dev,train
10681369,train,train,train,train,dev
10476570,train,train,dev,train,train
10763293,train,train,train,train,dev
10320927,train,train,train,dev,train
10705954,train,train,train,train,dev
10206245,train,train,dev,train,train
10206246,train,train,train,dev,train
10787877,train,dev,train,train,train
10066989,train,train,dev,train,train
10869808,train,train,train,dev,train
10263602,train,dev,train,train,train
10296372,train,train,dev,train,train
10746932,train,dev,train,train,train
10165301,train,train,train,train,dev
10189890,train,train,dev,train,train
10075207,train,train,dev,train,train
10411082,train,dev,train,train,train
10493003,train,dev,train,train,train
10189909,train,train,dev,train,train
10427477,train,dev,train,train,train
10034263,train,train,train,dev,train
10345564,train,train,dev,train,train
10214493,train,train,train,dev,train
10632285,train,dev,train,train,train
10320991,train,train,train,train,dev
10386534,train,train,train,dev,train
10181735,train,dev,train,train,train
10222700,train,dev,train,train,train
10689653,train,dev,train,train,train
10402936,train,train,dev,train,train
10583167,train,train,train,dev,train
10419331,dev,train,train,train,train
10345604,train,train,train,dev,train
10017925,train,train,train,train,dev
10189958,train,train,train,dev,train
10394755,train,train,dev,train,train
10140810,train,dev,train,train,train
10116238,train,train,dev,train,train
10157198,train,train,train,train,dev
10468508,train,dev,train,train,train
10779805,train,train,train,train,dev
10026146,train,train,dev,train,train
10132646,train,train,train,dev,train
10198187,train,dev,train,train,train
10173615,train,train,train,dev,train
10189999,train,train,train,train,dev
10124467,train,dev,train,train,train
10386614,train,train,dev,train,train
10648766,dev,train,train,train,train
10812609,train,dev,train,train,train
10722501,train,dev,train,train,train
10067142,train,train,train,train,dev
10009799,dev,train,train,train,train
10845383,train,train,train,dev,train
10140874,train,train,train,train,dev
10788046,dev,train,train,train,train
10214607,train,train,train,train,dev
10837201,dev,train,train,train,train
10747092,train,train,train,train,dev
10157273,train,train,train,dev,train
10116314,train,train,train,train,dev
10624221,train,train,train,train,dev
10296541,train,train,train,dev,train
10280162,train,train,dev,train,train
10353892,train,train,train,train,dev
10337514,train,train,dev,train,train
10280174,train,train,train,train,dev
10263792,train,dev,train,train,train
10337523,train,train,dev,train,train
10198268,train,train,dev,train,train
10247421,train,train,train,train,dev
10206474,train,train,dev,train,train
10796299,dev,train,train,train,train
10001677,train,train,train,dev,train
10829071,train,dev,train,train,train
10853648,train,dev,train,train,train
10075426,train,train,dev,train,train
10206501,train,train,train,train,dev
10534184,train,train,train,dev,train
10681641,train,dev,train,train,train
10763562,train,train,dev,train,train
10198319,train,train,train,dev,train
10706226,train,train,train,dev,train
10321205,train,train,dev,train,train
10304823,train,train,train,dev,train
10247482,train,train,dev,train,train
10067259,train,train,dev,train,train
10763584,train,train,train,dev,train
10231105,train,train,train,train,dev
10034499,train,dev,train,train,train
10353988,train,train,dev,train,train
10181962,train,train,train,dev,train
10214733,train,train,train,train,dev
10214737,train,train,train,train,dev
10427732,train,train,train,dev,train
10239317,train,train,dev,train,train
10247510,train,train,dev,train,train
10173786,train,train,train,dev,train
10476891,dev,train,train,train,train
10730842,train,dev,train,train,train
10779997,train,train,train,dev,train
10313060,dev,train,train,train,train
10870116,train,train,dev,train,train
10780006,train,train,train,train,dev
10255722,train,train,dev,train,train
10321265,train,train,train,dev,train
10657138,train,train,train,dev,train
10444147,train,train,dev,train,train
10296692,dev,train,train,train,train
10075507,train,train,dev,train,train
10009974,train,dev,train,train,train
10517882,train,train,train,dev,train
10747259,dev,train,train,train,train
10255739,train,train,dev,train,train
10403196,train,train,train,train,dev
10362236,train,train,dev,train,train
10263930,train,dev,train,train,train
10206600,train,train,train,dev,train
10878347,train,dev,train,train,train
10272142,train,dev,train,train,train
10476950,train,train,dev,train,train
10288536,train,train,train,train,dev
10214809,train,dev,train,train,train
10288543,train,train,train,dev,train
10337697,train,dev,train,train,train
10132898,dev,train,train,train,train
10263969,train,train,train,dev,train
10829220,dev,train,train,train,train
10296739,train,dev,train,train,train
10411436,dev,train,train,train,train
10362285,train,train,train,train,dev
10288561,train,train,train,train,dev
10190259,dev,train,train,train,train
10288565,train,train,train,dev,train
10313147,train,dev,train,train,train
10321348,train,train,train,train,dev
10337734,train,dev,train,train,train
10165706,train,train,dev,train,train
10321356,train,dev,train,train,train
10190285,train,dev,train,train,train
10165711,train,dev,train,train,train
10026448,train,train,dev,train,train
10239439,train,train,dev,train,train
10042832,train,train,dev,train,train
10853849,train,dev,train,train,train
10378718,train,dev,train,train,train
10853856,train,train,train,dev,train
10853857,train,train,train,dev,train
10190307,train,dev,train,train,train
10100196,train,train,dev,train,train
10870247,train,train,train,dev,train
10534376,train,train,train,dev,train
10436076,train,dev,train,train,train
10280430,dev,train,train,train,train
10108399,train,train,dev,train,train
10608110,train,train,train,dev,train
10239478,train,train,train,train,dev
10542584,train,dev,train,train,train
10296832,train,train,train,dev,train
10698241,dev,train,train,train,train
10468864,train,train,train,train,dev
10190343,train,dev,train,train,train
10403340,train,train,train,dev,train
10280461,train,train,dev,train,train
10321421,train,train,dev,train,train
10346004,train,train,dev,train,train
10059293,train,train,train,dev,train
10190368,train,train,train,dev,train
10288677,train,dev,train,train,train
10042920,train,train,dev,train,train
10034734,train,train,dev,train,train
10206772,train,train,train,train,dev
10346042,train,train,dev,train,train
10133050,train,train,train,train,dev
10264122,train,train,train,train,dev
10452550,train,train,dev,train,train
10600006,train,train,train,train,dev
10354247,train,train,train,train,dev
10559056,train,train,train,train,dev
10255962,train,train,dev,train,train
10264160,dev,train,train,train,train
10288742,train,train,dev,train,train
10657383,dev,train,train,train,train
10255978,train,train,train,train,dev
10215022,dev,train,train,train,train
10231407,dev,train,train,train,train
10051183,train,train,dev,train,train
10272369,train,train,train,dev,train
10337906,train,train,dev,train,train
10305142,train,dev,train,train,train
10509950,train,train,dev,train,train
10026624,train,dev,train,train,train
10649219,train,train,train,dev,train
10624667,train,train,dev,train,train
10608284,train,train,train,dev,train
10272415,train,train,train,train,dev
10829474,train,train,dev,train,train
10878634,train,dev,train,train,train
10084015,train,dev,train,train,train
10215087,train,train,train,dev,train
10739381,train,dev,train,train,train
10329783,dev,train,train,train,train
10411703,train,train,dev,train,train
10731192,train,train,train,dev,train
10493640,train,train,train,train,dev
10739400,train,train,dev,train,train
10034892,train,train,train,train,dev
10256076,train,train,train,train,dev
10845905,train,train,dev,train,train
10043092,train,dev,train,train,train
10338005,train,dev,train,train,train
10354398,train,train,train,train,dev
10321631,train,train,train,train,dev
10485470,train,train,train,dev,train
10567400,dev,train,train,train,train
10264312,train,train,train,dev,train
10739453,train,dev,train,train,train
10354430,train,dev,train,train,train
10051331,train,train,dev,train,train
10264324,train,train,train,train,dev
10436360,train,train,train,dev,train
10198796,train,dev,train,train,train
10829581,train,train,train,dev,train
10362641,train,train,train,train,dev
10313494,train,train,train,train,dev
10305303,train,train,train,dev,train
10329895,train,dev,train,train,train
10338089,train,train,train,dev,train
10313515,train,dev,train,train,train
10657580,train,train,train,train,dev
10141488,train,train,train,train,dev
10280753,train,train,train,train,dev
10116916,train,dev,train,train,train
10837819,train,dev,train,train,train
10108738,train,train,train,train,dev
10329927,train,train,train,dev,train
10207050,train,train,train,train,dev
10075981,train,dev,train,train,train
10125134,train,train,train,dev,train
10485583,train,dev,train,train,train
10305368,dev,train,train,train,train
10501977,dev,train,train,train,train
10698586,train,train,train,train,dev
10608477,dev,train,train,train,train
10010461,train,train,train,dev,train
10338146,train,train,dev,train,train
10092395,train,train,train,dev,train
10313583,train,train,dev,train,train
10141551,train,train,train,train,dev
10198898,train,train,dev,train,train
10608499,train,dev,train,train,train
10182517,train,train,train,train,dev
10608504,train,train,train,dev,train
10731386,train,dev,train,train,train
10321787,train,train,train,dev,train
10698621,train,train,dev,train,train
10125185,train,train,train,dev,train
10198915,train,dev,train,train,train
10321806,train,train,train,dev,train
10248079,train,train,dev,train,train
10141583,train,dev,train,train,train
10051482,dev,train,train,train,train
10354589,train,train,dev,train,train
10026913,dev,train,train,train,train
10362785,train,train,train,train,dev
10092449,train,train,train,dev,train
10354596,train,train,train,dev,train
10125221,dev,train,train,train,train
10764198,train,train,train,dev,train
10100645,train,dev,train,train,train
10018726,train,dev,train,train,train
10330027,train,train,train,train,dev
10141611,train,dev,train,train,train
10174382,train,train,train,train,dev
10698671,dev,train,train,train,train
10764206,train,train,dev,train,train
10796980,train,dev,train,train,train
10608565,train,train,train,dev,train
10231742,train,train,train,dev,train
10272722,train,train,dev,train,train
10141651,dev,train,train,train,train
10854361,train,train,train,dev,train
10870748,train,train,dev,train,train
10567645,train,train,train,dev,train
10305504,dev,train,train,train,train
10174441,dev,train,train,train,train
10190825,train,train,train,train,dev
10321897,train,train,train,train,dev
10330101,train,train,train,train,dev
10264568,train,dev,train,train,train
10133497,train,dev,train,train,train
10272764,dev,train,train,train,train
10043390,train,train,dev,train,train
